{
  "name": "school-management-system",
  "version": "2.0.0",
  "description": "Advanced School Management System with Smart Database and Head Teacher SMS Panel",
  "main": "server/index.js",
  "scripts": {
    "dev": "next dev",
    "build": "next build",
    "start": "next start",
    "lint": "next lint",
    "server": "node server/index.js",
    "server:dev": "nodemon server/index.js",
    "db:migrate": "psql -f scripts/smart-database-schema.sql",
    "db:seed": "psql -f scripts/seed-demo-data.sql",
    "test": "jest",
    "test:watch": "jest --watch"
  },
  "dependencies": {
    "next": "^14.0.0",
    "react": "^18.0.0",
    "react-dom": "^18.0.0",
    "tailwindcss": "^3.4.17",
    "@radix-ui/react-accordion": "^1.1.2",
    "@radix-ui/react-alert-dialog": "^1.0.5",
    "@radix-ui/react-avatar": "^1.0.4",
    "@radix-ui/react-checkbox": "^1.0.4",
    "@radix-ui/react-dialog": "^1.0.5",
    "@radix-ui/react-dropdown-menu": "^2.0.6",
    "@radix-ui/react-label": "^2.0.2",
    "@radix-ui/react-progress": "^1.0.3",
    "@radix-ui/react-select": "^2.0.0",
    "@radix-ui/react-separator": "^1.0.3",
    "@radix-ui/react-slot": "^1.0.2",
    "@radix-ui/react-tabs": "^1.0.4",
    "@radix-ui/react-toast": "^1.1.5",
    "@radix-ui/react-tooltip": "^1.0.7",
    "class-variance-authority": "^0.7.0",
    "clsx": "^2.0.0",
    "lucide-react": "^0.294.0",
    "tailwind-merge": "^2.0.0",
    "express": "^4.18.2",
    "cors": "^2.8.5",
    "helmet": "^7.1.0",
    "express-rate-limit": "^7.1.5",
    "jsonwebtoken": "^9.0.2",
    "bcryptjs": "^2.4.3",
    "express-validator": "^7.0.1",
    "pg": "^8.11.3",
    "multer": "^1.4.5-lts.1",
    "socket.io": "^4.7.4",
    "firebase-admin": "^11.11.1",
    "nodemailer": "^6.9.7",
    "twilio": "^4.19.0",
    "axios": "^1.6.2",
    "node-cron": "^3.0.3",
    "prisma": "^5.7.1",
    "@prisma/client": "^5.7.1",
    "csv-parser": "^3.0.0",
    "csv-writer": "^1.6.0",
    "pdfkit": "^0.13.0",
    "moment": "^2.29.4",
    "lodash": "^4.17.21"
  },
  "devDependencies": {
    "@types/node": "^20.0.0",
    "@types/react": "^18.0.0",
    "@types/react-dom": "^18.0.0",
    "autoprefixer": "^10.0.0",
    "eslint": "^8.0.0",
    "eslint-config-next": "^14.0.0",
    "nodemon": "^3.0.2",
    "postcss": "^8.0.0",
    "typescript": "^5.0.0",
    "jest": "^29.7.0",
    "@testing-library/react": "^13.4.0",
    "@testing-library/jest-dom": "^6.1.5"
  },
  "keywords": [
    "school-management",
    "education",
    "nextjs",
    "nodejs",
    "react",
    "tailwindcss",
    "postgresql",
    "attendance-system",
    "fee-management",
    "sms-integration",
    "head-teacher-panel",
    "smart-database",
    "bangladesh-education"
  ],
  "author": "School Management Team",
  "license": "MIT"
}
